date,peak_time,p10_mw,p50_mw,p90_mw,actual_peak_mw,actual_util,util50,util90,reliability,c_p50,c_p90,c_growth,c_heat,c_rel,growth_pct,temp_corr,stress_score,stress_level
2025-05-01,15:30,5563.4,5969.0,6386.1,6045.7,0.6717429629629629,0.6632245214253173,0.7095615864743947,HIGH,0.0,0.031871954914649184,0.0,0.5122222222222229,0.0,0.0,36.146666666666675,5.8,NORMAL
2025-05-02,15:30,5558.3,5972.6,6389.1,5811.9,0.6457707407407406,0.6636265407550137,0.7098955330381546,HIGH,0.0,0.032985110127182006,0.007576984051200652,0.5294444444444443,0.0,0.06061587240960522,36.35333333333333,6.0,NORMAL
2025-05-03,00:00,5221.0,5584.1,6037.2,4688.1,0.5208962962962963,0.6204605455806725,0.6707954768043974,HIGH,0.0,0.0,0.0,0.0,0.0,-6.504561304198413,29.046666666666663,0.0,NORMAL
2025-05-04,00:00,4226.3,4626.2,5018.5,4739.8,0.52665,0.5140219066067135,0.5576137061706777,HIGH,0.0,0.0,0.0,0.0,0.0,-17.154779579795186,27.226666666666667,0.0,NORMAL
2025-05-05,23:15,4707.5,5069.5,5413.4,4832.3,0.5369277777777777,0.5632782588211471,0.601490223649816,HIGH,0.0,0.0,1.0,0.0,0.0,9.582539495173782,28.649166666666666,10.0,NORMAL
2025-05-06,15:15,4709.5,5017.6,5362.2,5082.8,0.564751851851852,0.5575117004272534,0.5958002403501287,HIGH,0.0,0.0,0.0,0.25784722222222217,0.0,-1.023749506320788,33.094166666666666,2.6,NORMAL
2025-05-07,15:15,5013.6,5293.8,5662.2,5363.3,0.5959255555555556,0.5882007095058953,0.6291277901601764,HIGH,0.0,0.0,0.6880799330113442,0.24374999999999977,0.0,5.504639464090753,32.925,9.3,NORMAL
2025-05-08,15:15,5218.7,5590.8,5988.6,5458.6,0.6065155555555555,0.6211964509400407,0.6653962812843937,HIGH,0.0,0.0,0.7012007317592053,0.490069444444444,0.0,5.609605854073642,35.88083333333333,11.9,NORMAL
2025-05-09,15:30,5086.4,5439.0,5821.7,5733.3,0.6370303703703704,0.604330704169526,0.6468558039622172,HIGH,0.0,0.0,0.0,0.3561111111111111,0.0,-2.71504235817708,34.27333333333333,3.6,NORMAL
2025-05-10,15:30,5073.5,5401.3,5846.3,5488.6,0.6098418518518519,0.6001388971192537,0.6495930526918643,HIGH,0.0,0.0,0.0,0.2829166666666669,0.0,-0.6936280121713443,33.395,2.8,NORMAL
2025-05-11,14:15,5020.1,5271.0,5708.2,5192.9,0.5769861111111111,0.5856712750900351,0.6342414354553803,HIGH,0.0,0.0,0.0,0.5159722222222219,0.0,-2.4107122698870462,36.19166666666666,5.2,NORMAL
2025-05-12,23:30,5181.2,5547.2,5922.6,5795.7,0.643962962962963,0.6163529633253585,0.658066452251373,HIGH,0.0,0.0,0.6548402137062007,0.2169444444444443,0.0,5.238721709649606,32.60333333333333,8.7,NORMAL
2025-05-13,23:15,5512.3,5918.7,6319.3,6333.5,0.7037181481481481,0.6576303956907686,0.7021495183768681,HIGH,0.0,0.007165061256227214,0.8371305652265676,0.140625,0.0,6.697044521812541,31.6875,9.9,NORMAL
2025-05-14,15:15,5970.7,6424.3,6872.6,6126.1,0.6806788888888889,0.7138086242224633,0.763622134978199,HIGH,0.04602874740821105,0.21207378326066337,1.0,0.8554861111111111,0.0,8.542523110216878,40.26583333333333,25.3,NORMAL
2025-05-15,15:15,5943.9,6398.3,6845.5,6407.6,0.7119592592592593,0.7109215975797032,0.760616479966006,HIGH,0.03640532526567745,0.20205493322002016,0.0,0.8927777777777776,0.0,-0.40445387528132243,40.71333333333333,15.0,NORMAL
2025-05-16,15:30,5960.0,6420.7,6866.1,6823.5,0.758162962962963,0.7134109319684118,0.7629043800536625,HIGH,0.04470310656137269,0.20968126684554164,0.04376949577111287,0.9022222222222217,0.0,0.35015596616890293,40.82666666666666,16.1,NORMAL
2025-05-17,15:15,6150.3,6596.4,7130.7,6182.3,0.6869177777777777,0.7329388574133952,0.792299446265785,HIGH,0.10979619137798396,0.30766482088595,0.3421577342371029,0.9925694444444441,0.0,2.737261873896823,41.91083333333333,25.5,NORMAL
2025-05-18,14:45,5696.5,6126.3,6620.9,6816.4,0.7573792592592592,0.6807049082580625,0.7356513185220036,HIGH,0.0,0.11883772840667882,0.0,0.997083333333333,0.0,-7.126644825418415,41.964999999999996,12.3,NORMAL
2025-05-19,23:15,6362.4,6820.7,7288.4,7229.4,0.8032629629629628,0.7578559287790124,0.8098209275500796,HIGH,0.19285309593004152,0.36606975850026546,1.0,0.11937500000000008,0.0,11.33398916108609,31.4325,29.1,NORMAL
2025-05-20,23:15,6582.2,7070.7,7558.1,7507.3,0.8341407407407407,0.785632635468271,0.8397899496851249,HIGH,0.2854421182275701,0.46596649895041636,0.4581462259919551,0.22104166666666694,0.0,3.6651698079356407,32.6525,31.8,NORMAL
2025-05-21,23:00,6784.3,7285.3,7787.5,7700.3,0.8555848148148149,0.8094761261192862,0.8652761215827416,HIGH,0.3649204203976208,0.5509204052758053,0.3793676836757734,0.15861111111111104,0.0,3.034941469406187,31.903333333333332,36.5,NORMAL
2025-05-22,15:30,6842.3,7386.1,7905.6,6254.8,0.6949785185185184,0.8206809149646566,0.8784004123830025,HIGH,0.4022697165488553,0.594668041276675,0.17302531359212558,0.7411111111111115,0.0,1.3842025087370047,38.89333333333334,43.2,NORMAL
2025-05-23,15:30,6204.7,6670.1,7126.9,6592.0,0.7324425925925926,0.7411192541736259,0.7918824867525883,HIGH,0.1370641805787531,0.3062749558419612,0.0,0.7597222222222223,0.0,-9.694591325357809,39.11666666666667,21.3,NORMAL
2025-05-24,23:30,5838.0,6268.5,6776.2,6804.9,0.7561003703703703,0.6965027120026824,0.7529161326989181,HIGH,0.0,0.17638710899639382,0.0,0.01999999999999987,0.0,-6.020156934215999,30.24,3.7,NORMAL
2025-05-25,23:30,6140.5,6599.9,7137.1,6745.2,0.749465925925926,0.7333256238208282,0.7930153120031176,HIGH,0.1110854127360942,0.3100510400103921,0.6608537049386957,0.08152777777777793,0.0,5.286829639509565,30.978333333333335,19.7,NORMAL
2025-05-26,00:00,6334.3,6844.7,7329.0,6059.8,0.6733159259259259,0.7605238776760663,0.8143307530812278,HIGH,0.20174625892022122,0.3811025102707595,0.4636114737394518,0.06861111111111118,0.0,3.7088917899156146,30.823333333333334,24.0,NORMAL
2025-05-27,23:15,5894.1,6329.2,6773.3,6658.8,0.7398644444444444,0.7032483441815991,0.75259048429422,HIGH,0.010827813938663795,0.17530161431406693,0.0,0.020972222222222392,0.0,-7.531063149454849,30.25166666666667,4.3,NORMAL
2025-05-28,23:00,6177.0,6661.8,7130.0,6985.0,0.7761066666666667,0.7402007565054032,0.7922269865423935,HIGH,0.13400252168467738,0.30742328847464523,0.6568165540227339,0.12138888888888892,0.0,5.254532432181871,31.456666666666667,21.3,NORMAL
2025-05-29,23:00,6540.5,7011.6,7500.0,7302.6,0.8114003703703704,0.7790705211054753,0.8333278527357276,HIGH,0.26356840368491763,0.4444261757857588,0.6564057834725473,0.21305555555555541,0.0,5.251246267780378,32.556666666666665,32.1,NORMAL
2025-05-30,15:15,6553.3,7067.5,7568.9,6253.1,0.6947903703703704,0.7852805166721893,0.8409857257325084,HIGH,0.28426838890729794,0.46995241910836144,0.09963789218180008,0.4754861111111109,0.0,0.7971031374544006,35.70583333333333,30.8,NORMAL
2025-05-31,15:15,5804.5,6199.3,6699.7,6311.2,0.701238888888889,0.688815755161615,0.7444128129404507,HIGH,0.0,0.14804270980150244,0.0,0.699652777777778,0.0,-12.284114970707083,38.395833333333336,10.0,NORMAL
2025-06-01,00:00,5515.9,5897.3,6380.8,5674.0,0.630442962962963,0.655253412950692,0.7089757459052173,HIGH,0.0,0.02991915301739108,0.0,0.0,0.0,-4.8724701720924575,29.453333333333333,0.6,NORMAL
2025-06-02,15:15,5654.0,6060.6,6480.0,5819.6,0.6466233333333334,0.6734046511095234,0.7200006104311192,HIGH,0.0,0.06666870143706408,0.3462637088201894,0.48743055555555576,0.0,2.7701096705615154,35.84916666666667,9.7,NORMAL
2025-06-03,14:30,5527.5,5933.9,6354.8,5511.3,0.6123722222222222,0.6593255847263345,0.7060844707703743,HIGH,0.0,0.02028156923458109,0.0,0.3866666666666667,0.0,-2.0907290081812953,34.64,4.3,NORMAL
2025-06-04,16:00,5344.4,5718.1,6114.8,5499.1,0.6110055555555556,0.6353443515847912,0.6794243782771937,HIGH,0.0,0.0,0.0,0.3480555555555558,0.0,-3.6372368518805818,34.17666666666667,3.5,NORMAL
2025-06-05,15:15,5458.8,5774.0,6177.9,5499.1,0.6110055555555556,0.6415525777674292,0.6864347638022561,HIGH,0.0,0.0,0.122142940421844,0.41888888888888864,0.0,0.977143523374752,35.026666666666664,5.4,NORMAL
2025-06-06,00:00,5151.6,5524.5,5901.7,6126.2,0.6806944444444445,0.613834461487885,0.6557411904273631,HIGH,0.0,0.0,0.0,0.0,0.0,-4.320474617373041,28.536666666666665,0.0,NORMAL
2025-06-07,15:30,5794.3,6189.7,6701.8,6549.0,0.7276651851851852,0.6877422815840859,0.7446403984064924,HIGH,0.0,0.14880132802164156,1.0,0.7426388888888885,0.0,12.04035040930323,38.91166666666666,20.4,NORMAL
2025-06-08,23:15,5876.2,6289.5,6791.3,7049.9,0.7833207407407407,0.6988289220469265,0.7545933278527299,HIGH,0.0,0.18197775950909986,0.2015042691083456,0.16374999999999998,0.0,1.6120341528667648,31.965,7.3,NORMAL
2025-06-09,23:15,6582.3,7088.5,7577.9,7327.3,0.8141403703703703,0.7876079765144832,0.8419923653450125,HIGH,0.29202658838161083,0.4733078844833752,1.0,0.13152777777777777,0.0,12.703975417547927,31.578333333333333,36.8,NORMAL
2025-06-10,00:30,6308.9,6810.4,7280.3,7214.4,0.8015992592592592,0.75671283986876,0.8089174265095629,HIGH,0.18904279956253356,0.3630580883652097,0.0,0.03430555555555544,0.0,-3.922654108005344,30.411666666666665,18.0,NORMAL
2025-06-11,15:30,6495.9,7371.4,8230.7,8180.8,0.9089744444444444,0.8190459857965694,0.9145166907779884,LOW,0.3968199526552314,0.7150556359266279,1.0,1.0,1.0,8.237358036454093,42.27166666666667,61.1,WATCH
2025-06-12,23:00,7150.8,7795.2,8417.6,8392.6,0.9325074074074075,0.866128011435416,0.9352838977438757,MEDIUM,0.5537600381180533,0.7842796591462522,0.7185497892565914,0.2488888888888893,0.5,5.748398314052731,32.98666666666667,58.3,WATCH
2025-06-13,23:00,7289.5,7874.9,8423.3,8389.2,0.9321385185185185,0.8749863732473786,0.9359187360241847,HIGH,0.5832879108245954,0.7863957867472825,0.1278442922842583,0.22472222222222213,0.0,1.0227543382740667,32.696666666666665,51.3,WATCH
2025-06-14,15:00,7348.9,7867.9,8504.1,7939.0,0.882107037037037,0.8742092735848926,0.9449039617674196,HIGH,0.5806975786163089,0.8163465392247322,0.0,0.8194444444444446,0.0,-0.08881277311802763,39.833333333333336,56.5,WATCH
2025-06-15,15:00,6899.1,7441.4,8041.1,7778.4,0.8642714814814815,0.8268212856639351,0.8934506074185029,HIGH,0.4227376188797837,0.6448353580616764,0.0,0.7780555555555555,0.0,-5.420668637685858,39.336666666666666,43.9,NORMAL
2025-06-16,00:00,6837.5,7397.4,7911.0,7143.7,0.7937451851851851,0.821938110753975,0.8789963081426869,HIGH,0.4064603691799169,0.5966543604756231,0.0,0.0,0.0,-0.5905961777506596,28.823333333333334,34.3,NORMAL
2025-06-17,00:00,6574.2,7142.6,7646.4,6997.9,0.7775444444444445,0.7936176304380911,0.8495951923695791,HIGH,0.31205876812697037,0.49865064123193054,0.0,0.0,0.0,-3.4455733278878053,28.95,27.1,NORMAL
2025-06-18,00:00,6266.1,6795.3,7285.8,6480.6,0.7200677777777779,0.7550367472273128,0.8095343062526799,HIGH,0.18345582409104294,0.3651143541755996,0.0,0.0,0.0,-4.861394421074154,28.383333333333333,17.4,NORMAL
2025-06-19,23:15,6018.7,6514.2,6978.5,6899.1,0.7665670370370371,0.7237946718288385,0.7753866597738412,HIGH,0.07931557276279513,0.25128886591280425,0.0,0.0,0.0,-4.137821836248799,28.905,9.4,NORMAL
2025-06-20,23:15,6361.9,6884.8,7380.2,6704.9,0.7449896296296297,0.7649799101886818,0.8200266231676423,HIGH,0.21659970062893957,0.4000887438921411,0.7112728229916914,0.0,0.0,5.690182583933531,29.190833333333334,27.0,NORMAL
2025-06-21,23:15,6330.0,6807.4,7375.5,6943.5,0.7714974074074074,0.7563808770489501,0.8194960097429503,HIGH,0.1879362568298337,0.3983200324765012,0.0,0.07965277777777786,0.0,-1.1240861394138968,30.955833333333334,19.1,NORMAL
2025-06-22,23:15,6321.6,6797.5,7357.1,6823.2,0.7581303703703703,0.7552771471277068,0.81745800924269,HIGH,0.18425715709235602,0.3915266974756333,0.0,0.0,0.0,-0.14592250475044768,29.650833333333335,18.0,NORMAL
2025-06-23,23:15,6592.3,7121.7,7635.1,7475.2,0.83058,0.7912944870827255,0.848340772203023,HIGH,0.30431495694241856,0.49446924067674325,0.5960947595857934,0.020486111111111132,0.0,4.768758076686348,30.245833333333334,32.8,NORMAL
2025-06-24,15:00,6884.8,7413.1,7954.7,7073.4,0.7859311111111111,0.8236774868457494,0.8838593835438111,HIGH,0.4122582894858313,0.6128646118127038,0.5115510137447464,0.5861111111111109,0.0,4.092408109957971,37.03333333333333,45.9,NORMAL
2025-06-25,15:00,6556.9,7077.8,7588.8,7049.4,0.7832629629629628,0.7864181735576972,0.8431994701473663,HIGH,0.2880605785256573,0.4773315671578877,0.0,0.41555555555555596,0.0,-4.5235318292764966,34.98666666666667,29.5,NORMAL
2025-06-26,23:15,6510.4,7055.2,7566.5,7421.0,0.8245555555555556,0.7839144112370369,0.8407174224728688,HIGH,0.27971470412345634,0.4690580749095629,0.0,0.005833333333333357,0.0,-0.3183754400452606,30.07,24.8,NORMAL
2025-06-27,15:00,6807.4,7328.6,7865.6,7584.4,0.8427081481481481,0.8142868683021424,0.8739549433928169,HIGH,0.380956227673808,0.5798498113093896,0.48430760791182786,0.5205555555555558,0.0,3.874460863294623,36.24666666666667,42.6,NORMAL
2025-06-28,15:00,6857.3,7330.4,7943.1,7434.6,0.8260633333333333,0.8144867428124752,0.8825637786674799,HIGH,0.3816224760415842,0.6085459288915999,0.003068244713770266,0.3980555555555559,0.0,0.024545957710162127,34.77666666666667,37.2,NORMAL
2025-06-29,00:00,6527.6,7058.6,7642.7,6437.0,0.7152266666666667,0.7842878736696165,0.849186958117712,HIGH,0.28095957889872175,0.4972898603923736,0.0,0.0,0.0,-3.707717701896543,28.066666666666666,25.4,NORMAL
2025-06-30,00:00,6135.1,6631.7,7096.4,5849.5,0.6499462962962963,0.7368599685575903,0.7884864564357694,HIGH,0.12286656185863441,0.29495485478589817,0.0,0.0,0.0,-6.04725722585957,27.5,12.7,NORMAL
