,actual,p10,p50,p90,reliability,temp_corr,lag24_imputed,lag48_imputed,prev24_completeness,weather_corr_missing
2025-06-11 23:15:00,8110.706666666666,6329.824333239378,7208.447366811991,8029.9971631353355,LOW,32.205,True,False,0.6145833333333334,False
2025-06-11 23:30:00,8099.343333333333,6327.811384722013,7201.546937921139,8023.411110254676,LOW,32.026666666666664,True,False,0.6041666666666666,False
2025-06-11 23:45:00,8070.17,6315.673074642884,7183.781962669902,8004.4476446873205,LOW,31.848333333333333,True,False,0.59375,False
2025-06-12 00:00:00,8007.013333333333,6501.522947109253,7100.657251628559,7665.163750816177,MEDIUM,31.669999999999998,False,False,0.59375,False
2025-06-12 00:15:00,7960.663333333333,6460.201454485895,7054.982630768519,7615.925725893167,MEDIUM,31.541666666666664,False,False,0.59375,False
2025-06-12 00:30:00,7851.170000000001,6392.702728088706,6982.138024615038,7536.777941680257,MEDIUM,31.41333333333333,False,False,0.59375,False
2025-06-12 00:45:00,7764.686666666667,6324.156967100675,6907.933660763425,7456.166431691603,MEDIUM,31.284999999999997,False,False,0.59375,False
2025-06-12 01:00:00,7682.133333333334,6243.743432193509,6821.24045875386,7361.817020607614,MEDIUM,31.156666666666666,False,False,0.59375,False
2025-06-12 01:15:00,7606.59,6177.482698593502,6751.274570343077,7286.01816914795,MEDIUM,31.045833333333334,False,False,0.59375,False
2025-06-12 01:30:00,7490.77,6105.520896954174,6675.1391366799835,7203.435082924975,MEDIUM,30.935,False,False,0.59375,False
2025-06-12 01:45:00,7418.193333333334,6040.766310627342,6606.091159767576,7128.675297158023,MEDIUM,30.824166666666667,False,False,0.59375,False
2025-06-12 02:00:00,7319.143333333333,5962.313391171158,6522.644412883415,7038.047093026746,MEDIUM,30.713333333333335,False,False,0.59375,False
2025-06-12 02:15:00,7234.596666666667,5897.057565167007,6452.845558896557,6962.476027896111,MEDIUM,30.632500000000004,False,False,0.59375,False
2025-06-12 02:30:00,7165.93,5835.974851378867,6387.005015642696,6891.259713470287,MEDIUM,30.55166666666667,False,False,0.59375,False
2025-06-12 02:45:00,7062.93,5769.167720323821,6314.951779676217,6813.179800661371,MEDIUM,30.470833333333335,False,False,0.59375,False
2025-06-12 03:00:00,6985.406666666667,5692.2308685764565,6232.159668711691,6723.240575178926,MEDIUM,30.39,False,False,0.59375,False
2025-06-12 03:15:00,6915.966666666667,5621.1839562217265,6155.9206169558765,6640.527015464561,MEDIUM,30.359166666666667,False,False,0.59375,False
2025-06-12 03:30:00,6847.013333333333,5567.89208792059,6097.600009544575,6577.532296903097,MEDIUM,30.328333333333337,False,False,0.59375,False
2025-06-12 03:45:00,6763.846666666667,5500.442188479437,6024.410928103547,6498.107826417192,MEDIUM,30.297500000000003,False,False,0.59375,False
2025-06-12 04:00:00,6671.400000000001,5427.551346437484,5945.3163769775765,6412.128220714471,MEDIUM,30.26666666666667,False,False,0.59375,False
2025-06-12 04:15:00,6573.54,5356.915993330739,5869.476238405162,6329.729409274649,MEDIUM,30.134166666666665,False,False,0.59375,False
2025-06-12 04:30:00,6518.46,5299.299155640262,5806.714153866721,6261.691053033827,MEDIUM,30.001666666666665,False,False,0.59375,False
2025-06-12 04:45:00,6446.363333333334,5241.447417015739,5743.4218067801285,6193.006917490924,MEDIUM,29.86916666666667,False,False,0.59375,False
2025-06-12 05:00:00,6364.150000000001,5166.650345250086,5662.439944010413,6104.756654353612,MEDIUM,29.736666666666665,False,False,0.59375,False
2025-06-12 05:15:00,6258.043333333332,5083.347508729911,5585.3103580787,6021.137911722523,MEDIUM,30.181666666666665,False,False,0.59375,False
2025-06-12 05:30:00,6140.240000000001,4980.730600025662,5488.083131335382,5915.289632265913,MEDIUM,30.626666666666665,False,False,0.59375,False
2025-06-12 05:45:00,6019.889999999999,4873.371590911909,5385.745898497393,5803.729506026289,MEDIUM,31.071666666666665,False,False,0.59375,False
2025-06-12 06:00:00,5925.64,4812.509897501076,5330.96406288585,5744.5096609178945,MEDIUM,31.516666666666666,False,False,0.59375,False
2025-06-12 06:15:00,5884.203333333334,4783.761861996681,5302.753155258266,5714.274163949336,MEDIUM,31.862499999999997,False,False,0.59375,False
2025-06-12 06:30:00,5839.676666666666,4762.201914404022,5281.740313071011,5691.884910573652,MEDIUM,32.208333333333336,False,False,0.59375,False
2025-06-12 06:45:00,5796.6033333333335,4702.687154270086,5221.558237556255,5626.226396762915,MEDIUM,32.55416666666667,False,False,0.59375,False
2025-06-12 07:00:00,5761.526666666668,4686.834525837769,5206.089391737381,5609.764375053216,MEDIUM,32.9,False,False,0.59375,False
2025-06-12 07:15:00,5745.133333333334,4689.731839098397,5212.243993057838,5617.132288916457,MEDIUM,33.44583333333333,False,False,0.59375,False
2025-06-12 07:30:00,5751.28,4681.149705934326,5206.492134804875,5611.278951241649,MEDIUM,33.99166666666666,False,False,0.59375,False
2025-06-12 07:45:00,5751.683333333333,4675.781178155197,5203.95192366581,5608.868921165245,MEDIUM,34.5375,False,False,0.59375,False
2025-06-12 08:00:00,5745.43,4686.612195262151,5217.987751234126,5624.633965021569,MEDIUM,35.083333333333336,False,False,0.59375,False
2025-06-12 08:15:00,5799.856666666667,4712.555975430275,5247.918979950579,5657.838421261498,MEDIUM,35.6425,False,False,0.59375,False
2025-06-12 08:30:00,5853.536666666667,4735.763528218466,5275.012052159005,5687.817010186738,MEDIUM,36.20166666666666,False,False,0.59375,False
2025-06-12 08:45:00,5902.889999999999,4770.313158500773,5313.754410508024,5730.540745655718,MEDIUM,36.76083333333334,False,False,0.59375,False
2025-06-12 09:00:00,6023.106666666667,4867.896530257557,5417.282223168836,5844.585489511454,MEDIUM,37.32,False,False,0.59375,False
2025-06-12 09:15:00,6236.889999999999,5044.849389787943,5601.1581809852,6047.064286075425,MEDIUM,37.76416666666666,False,False,0.59375,False
2025-06-12 09:30:00,6463.036666666667,5188.653544155572,5751.032602667898,6211.969816919379,MEDIUM,38.208333333333336,False,False,0.59375,False
2025-06-12 09:45:00,6606.833333333333,5312.48664422523,5880.467016614761,6354.254028519623,MEDIUM,38.6525,False,False,0.59375,False
2025-06-12 10:00:00,6781.59,5421.185756212971,5994.452437837784,6479.421541440223,MEDIUM,39.096666666666664,False,False,0.59375,False
2025-06-12 10:15:00,6920.776666666668,5524.258407762865,6101.534185265304,6596.851344056301,MEDIUM,39.45583333333334,False,False,0.59375,False
2025-06-12 10:30:00,7048.506666666667,5600.806453079249,6181.502999165333,6684.313343945995,MEDIUM,39.815,False,False,0.59375,False
2025-06-12 10:45:00,7159.836666666666,5683.37385174274,6267.817883359102,6778.69492752926,MEDIUM,40.174166666666665,False,False,0.59375,False
2025-06-12 11:00:00,7233.606666666667,5739.38542653974,6327.025546465966,6843.123016623076,MEDIUM,40.53333333333334,False,False,0.59375,False
2025-06-12 11:15:00,7344.329999999999,5674.5307401135915,6260.993062039506,6769.3811335662895,MEDIUM,40.799166666666665,False,False,0.59375,False
2025-06-12 11:30:00,7428.623333333333,5736.9953674141125,6325.998776713707,6840.02665104472,MEDIUM,41.065,False,False,0.59375,False
2025-06-12 11:45:00,7516.296666666666,5797.200607329106,6388.913225207477,6908.3092927572425,MEDIUM,41.33083333333334,False,False,0.59375,False
2025-06-12 12:00:00,7572.163333333333,5978.252570482358,6576.246167929234,7113.692412662172,MEDIUM,41.596666666666664,False,False,0.59375,False
2025-06-12 12:15:00,7693.236666666667,6033.106641446716,6632.922540941336,7174.95534443242,MEDIUM,41.76833333333333,False,False,0.59375,False
2025-06-12 12:30:00,7774.139999999999,6117.916706994922,6720.651674197966,7270.408213705705,MEDIUM,41.94,False,False,0.59375,False
2025-06-12 12:45:00,7873.896666666667,6156.18049695352,6760.837201881338,7313.416170561661,MEDIUM,42.111666666666665,False,False,0.59375,False
2025-06-12 13:00:00,7784.62,6100.762299769512,6705.0564447476,7250.606488903103,MEDIUM,42.28333333333334,False,False,0.59375,False
2025-06-12 13:15:00,7777.303333333333,6146.96315668283,6750.994668775125,7299.484589608931,MEDIUM,42.30916666666667,False,False,0.59375,False
2025-06-12 13:30:00,7895.756666666667,6206.622567512011,6811.073456428232,7363.933779739379,MEDIUM,42.334999999999994,False,False,0.59375,False
2025-06-12 13:45:00,8012.053333333333,6334.36265955304,6941.4250579171985,7505.83778851626,MEDIUM,42.36083333333333,False,False,0.59375,False
2025-06-12 14:00:00,8085.69,6423.771157611318,7032.713326891244,7604.676249827733,MEDIUM,42.38666666666666,False,False,0.59375,False
2025-06-12 14:15:00,8208.163333333334,6598.4842371393115,7210.834748442026,7799.509763257439,MEDIUM,42.424166666666665,False,True,0.6041666666666666,False
2025-06-12 14:30:00,8267.356666666667,6685.667948869768,7303.084704169019,7899.164993208702,MEDIUM,42.461666666666666,False,True,0.6145833333333334,False
2025-06-12 14:45:00,8299.096666666666,6746.039038971322,7368.018008694985,7968.736360104041,MEDIUM,42.49916666666667,False,True,0.625,False
2025-06-12 15:00:00,8356.636666666667,6830.66635109887,7459.797976615512,8067.699125712293,MEDIUM,42.53666666666667,False,True,0.6354166666666666,False
2025-06-12 15:15:00,8358.97,6881.212137160227,7512.51856545295,8123.882019956681,MEDIUM,42.440000000000005,False,True,0.6458333333333334,False
2025-06-12 15:30:00,8315.339999999998,6903.585647927756,7535.3137930527555,8147.293799880746,MEDIUM,42.34333333333334,False,True,0.65625,False
2025-06-12 15:45:00,8292.849999999999,6883.99697784626,7513.676594849113,8121.995431120915,MEDIUM,42.24666666666666,False,True,0.6666666666666666,False
2025-06-12 16:00:00,8202.986666666666,6864.929756201954,7492.889958208191,8097.679917987479,MEDIUM,42.15,False,True,0.6770833333333334,False
2025-06-12 16:15:00,8005.256666666667,6801.076114342792,7424.31775054976,8020.665280008236,MEDIUM,41.905833333333334,False,True,0.6875,False
2025-06-12 16:30:00,7930.579999999999,6800.391683788023,7420.952358359297,8015.587537843496,MEDIUM,41.66166666666667,False,True,0.6979166666666666,False
2025-06-12 16:45:00,7837.346666666667,6733.637141059748,7349.987104327256,7936.052310499975,MEDIUM,41.4175,False,True,0.7083333333333334,False
2025-06-12 17:00:00,7738.126666666667,6657.49879338721,7269.657492239978,7846.260364355028,MEDIUM,41.17333333333333,False,True,0.71875,False
2025-06-12 17:15:00,7643.633333333334,6548.026721043804,7157.415820155126,7721.434274453617,MEDIUM,40.79750000000001,False,True,0.7291666666666666,False
2025-06-12 17:30:00,7493.349999999999,6421.5748698931775,7027.978913626605,7577.727908374496,MEDIUM,40.42166666666667,False,True,0.7395833333333334,False
2025-06-12 17:45:00,7326.46,6306.014943637622,6909.971117699939,7446.699255959395,MEDIUM,40.04583333333333,False,True,0.75,False
2025-06-12 18:00:00,7184.13,6184.661579683483,6786.232217184872,7309.435344822115,MEDIUM,39.67,False,True,0.7604166666666666,False
2025-06-12 18:15:00,7114.136666666666,6073.900226135613,6667.360756454606,7177.402273909688,MEDIUM,39.2625,False,True,0.7708333333333334,False
2025-06-12 18:30:00,7022.173333333333,5987.929530821131,6574.150223150222,7073.7450807334,MEDIUM,38.855000000000004,False,True,0.78125,False
2025-06-12 18:45:00,6974.196666666667,5956.258269779766,6536.903446837588,7031.870596542047,MEDIUM,38.447500000000005,False,True,0.7916666666666666,False
2025-06-12 19:00:00,6910.213333333333,5911.275360954296,6486.129351934086,6975.1774193624005,MEDIUM,38.040000000000006,False,True,0.8020833333333334,False
2025-06-12 19:15:00,6937.583333333333,5911.385479912428,6483.47972593665,6971.687913052156,MEDIUM,37.6875,False,True,0.8125,False
2025-06-12 19:30:00,7006.59,5965.079306287261,6535.999782069723,7029.1108855469565,MEDIUM,37.335,False,True,0.8229166666666666,False
2025-06-12 19:45:00,7137.43,6022.792872688237,6592.740641510282,7091.283714550103,MEDIUM,36.9825,False,True,0.8333333333333334,False
2025-06-12 20:00:00,7182.09,6084.984219388196,6654.151951322954,7158.702543674326,MEDIUM,36.63,False,True,0.84375,False
2025-06-12 20:15:00,7258.766666666666,6188.6132176109895,6762.337246878395,7277.927244853735,MEDIUM,36.295,False,True,0.8541666666666666,False
2025-06-12 20:30:00,7329.88,6273.097342111699,6850.8772988187575,7375.593230008233,MEDIUM,35.959999999999994,False,True,0.8645833333333334,False
2025-06-12 20:45:00,7433.75,6381.886050497102,6964.395935725009,7500.890814085431,MEDIUM,35.625,False,True,0.875,False
2025-06-12 21:00:00,7533.599999999999,6450.871234734416,7036.998770429783,7581.180108438359,MEDIUM,35.29,False,True,0.8854166666666666,False
2025-06-12 21:15:00,7660.3,6626.985049231827,7218.39656049062,7781.449126332937,MEDIUM,35.034166666666664,False,True,0.8958333333333334,False
2025-06-12 21:30:00,7836.593333333333,6707.590333731622,7304.923432875385,7876.7602313392335,MEDIUM,34.77833333333333,False,True,0.90625,False
2025-06-12 21:45:00,7962.666666666667,6877.2390631345415,7491.060770327933,8080.811489850387,MEDIUM,34.5225,False,True,0.9166666666666666,False
2025-06-12 22:00:00,8075.703333333334,6968.45104004147,7590.810091738635,8190.52107294468,MEDIUM,34.266666666666666,False,True,0.9270833333333334,False
2025-06-12 22:15:00,8226.676666666666,7041.251425334487,7671.985605142487,8280.065952499268,MEDIUM,33.946666666666665,False,True,0.9375,False
2025-06-12 22:30:00,8281.36,7112.142322623175,7750.624938186476,8366.955832121594,MEDIUM,33.626666666666665,False,True,0.9479166666666666,False
2025-06-12 22:45:00,8341.39,7150.046518381479,7793.11777946717,8414.370167088704,MEDIUM,33.306666666666665,False,True,0.9583333333333334,False
2025-06-12 23:00:00,8392.566666666668,7150.810794665052,7795.152102918743,8417.555079694881,MEDIUM,32.98666666666667,False,True,0.96875,False
